<?xml version="1.0" encoding="UTF-8"?>
<metadata xml:lang="en"><Esri><CreaDate>20230327</CreaDate><CreaTime>16073000</CreaTime><ArcGISFormat>1.0</ArcGISFormat><SyncOnce>TRUE</SyncOnce><DataProperties><lineage><Process ToolSource="c:\program files\arcgis\pro\Resources\ArcToolbox\toolboxes\Conversion Tools.tbx\FeatureClassToFeatureClass" Date="20230327" Time="160730">FeatureClassToFeatureClass routes "C:\Users\koneill.FAS_DOMAIN.000\Harvard University\Imperiia Project - Projects\Russians in the World\Vivian WIP\Data" routes_j.shp # "Id "Id" true true false 6 Long 0 6,First,#,routes,routes.Id,-1,-1;routeID "routeID" true true false 8 Double 0 0,First,#,routes,routes$.routeID,-1,-1;ships "ships" true true false 8 Double 0 0,First,#,routes,routes$.ships,-1,-1;vygs "vygs" true true false 8 Double 0 0,First,#,routes,routes$.vygs,-1,-1;vygs_ship "vygs_ship" true true false 8 Double 0 0,First,#,routes,routes$.vygs_ship,-1,-1;itinry "itinry" true true false 255 Text 0 0,First,#,routes,routes$.itinry,0,255;port_arv "port_arv" true true false 255 Text 0 0,First,#,routes,routes$.port_arv,0,255;ObjectID "ObjectID" false true false 4 Long 0 9,First,#,routes,routes$.ObjectID,-1,-1" #</Process></lineage></DataProperties></Esri></metadata>
